"SourceFile","SourceLine","ElementName","RegisterCall"
"hud.c","1192","<dynamic-or-multiline>","hud_t * HUD_Register(char *name, char *var_alias, char *description, int flags, cactive_t min_state, int draw_order, hud_func_type draw_func, char *show, char *place, char *align_x, char *align_y, char *pos_x, char *pos_y, char *frame, char *frame_color, char *item_opacity, char *params, ...)"
"hud_ammo.c","439","ammo","HUD_Register( ""ammo"", NULL, ""Part of your inventory - ammo for active weapon."", HUD_INVENTORY, ca_active, 0, SCR_HUD_DrawAmmoCurrent, ""1"", ""health"", ""after"", ""center"", ""32"", ""0"", ""0"", ""0 0 0"", NULL, ""style"", ""0"", ""scale"", ""1"", ""align"", ""right"", ""digits"", ""3"", ""proportional"", ""0"", ""show_always"", ""0"", ""text_color_low"", """", ""text_color_normal"", """", NULL );"
"hud_ammo.c","454","ammo1","HUD_Register(""ammo1"", NULL, ""Part of your inventory - ammo - shells."", HUD_INVENTORY, ca_active, 0, SCR_HUD_DrawAmmo1, ""0"", ""ibar"", ""left"", ""top"", ""0"", ""0"", ""0"", ""0 0 0"", NULL, ""style"", ""0"", ""scale"", ""1"", ""align"", ""right"", ""digits"", ""3"", ""proportional"", ""0"", ""text_color_low"", """", ""text_color_normal"", """", NULL);"
"hud_ammo.c","465","ammo2","HUD_Register(""ammo2"", NULL, ""Part of your inventory - ammo - nails."", HUD_INVENTORY, ca_active, 0, SCR_HUD_DrawAmmo2, ""0"", ""ammo1"", ""after"", ""top"", ""0"", ""0"", ""0"", ""0 0 0"", NULL, ""style"", ""0"", ""scale"", ""1"", ""align"", ""right"", ""digits"", ""3"", ""proportional"", ""0"", ""text_color_low"", """", ""text_color_normal"", """", NULL);"
"hud_ammo.c","476","ammo3","HUD_Register(""ammo3"", NULL, ""Part of your inventory - ammo - rockets."", HUD_INVENTORY, ca_active, 0, SCR_HUD_DrawAmmo3, ""0"", ""ammo2"", ""after"", ""top"", ""0"", ""0"", ""0"", ""0 0 0"", NULL, ""style"", ""0"", ""scale"", ""1"", ""align"", ""right"", ""digits"", ""3"", ""proportional"", ""0"", ""text_color_low"", """", ""text_color_normal"", """", NULL);"
"hud_ammo.c","487","ammo4","HUD_Register(""ammo4"", NULL, ""Part of your inventory - ammo - cells."", HUD_INVENTORY, ca_active, 0, SCR_HUD_DrawAmmo4, ""0"", ""ammo3"", ""after"", ""top"", ""0"", ""0"", ""0"", ""0 0 0"", NULL, ""style"", ""0"", ""scale"", ""1"", ""align"", ""right"", ""digits"", ""3"", ""proportional"", ""0"", ""text_color_low"", """", ""text_color_normal"", """", NULL);"
"hud_ammo.c","500","iammo","HUD_Register( ""iammo"", NULL, ""Part of your inventory - ammo icon."", HUD_INVENTORY, ca_active, 0, SCR_HUD_DrawAmmoIconCurrent, ""1"", ""ammo"", ""before"", ""center"", ""0"", ""0"", ""0"", ""0 0 0"", NULL, ""style"", ""0"", ""scale"", ""1"", ""show_always"", ""0"", NULL );"
"hud_ammo.c","510","iammo1","HUD_Register(""iammo1"", NULL, ""Part of your inventory - ammo icon."", HUD_INVENTORY, ca_active, 0, SCR_HUD_DrawAmmoIcon1, ""0"", ""ibar"", ""left"", ""top"", ""0"", ""0"", ""0"", ""0 0 0"", NULL, ""style"", ""2"", ""scale"", ""1"", NULL);"
"hud_ammo.c","516","iammo2","HUD_Register(""iammo2"", NULL, ""Part of your inventory - ammo icon."", HUD_INVENTORY, ca_active, 0, SCR_HUD_DrawAmmoIcon2, ""0"", ""iammo1"", ""after"", ""top"", ""0"", ""0"", ""0"", ""0 0 0"", NULL, ""style"", ""2"", ""scale"", ""1"", NULL);"
"hud_ammo.c","522","iammo3","HUD_Register(""iammo3"", NULL, ""Part of your inventory - ammo icon."", HUD_INVENTORY, ca_active, 0, SCR_HUD_DrawAmmoIcon3, ""0"", ""iammo2"", ""after"", ""top"", ""0"", ""0"", ""0"", ""0 0 0"", NULL, ""style"", ""2"", ""scale"", ""1"", NULL);"
"hud_ammo.c","528","iammo4","HUD_Register(""iammo4"", NULL, ""Part of your inventory - ammo icon."", HUD_INVENTORY, ca_active, 0, SCR_HUD_DrawAmmoIcon4, ""0"", ""iammo3"", ""after"", ""top"", ""0"", ""0"", ""0"", ""0 0 0"", NULL, ""style"", ""2"", ""scale"", ""1"", NULL);"
"hud_armor.c","229","armor","HUD_Register( ""armor"", NULL, ""Part of your inventory - armor level."", HUD_INVENTORY, ca_active, 0, SCR_HUD_DrawArmor, ""1"", ""face"", ""before"", ""center"", ""-32"", ""0"", ""0"", ""0 0 0"", NULL, ""style"", ""0"", ""scale"", ""1"", ""align"", ""right"", ""digits"", ""3"", ""pent_666"", ""1"",  // Show 666 instead of armor value ""proportional"", ""0"", ""hidezero"", ""0"", // Hide armor number if 0 NULL );"
"hud_armor.c","244","iarmor","HUD_Register( ""iarmor"", NULL, ""Part of your inventory - armor icon."", HUD_INVENTORY, ca_active, 0, SCR_HUD_DrawArmorIcon, ""1"", ""armor"", ""before"", ""center"", ""0"", ""0"", ""0"", ""0 0 0"", NULL, ""style"", ""0"", ""scale"", ""1"", ""proportional"", ""0"", NULL );"
"hud_armor.c","255","armordamage","HUD_Register( ""armordamage"", NULL, ""Shows amount of damage done to your armour."", HUD_INVENTORY, ca_active, 0, SCR_HUD_DrawArmorDamage, ""0"", ""armor"", ""left"", ""before"", ""0"", ""0"", ""0"", ""0 0 0"", NULL, ""style"", ""0"", ""scale"", ""1"", ""align"", ""right"", ""digits"", ""3"", ""duration"", ""0.8"", ""proportional"", ""0"", NULL );"
"hud_armor.c","268","bar_armor","HUD_Register( ""bar_armor"", NULL, ""Armor bar."", HUD_PLUSMINUS, ca_active, 0, SCR_HUD_DrawBarArmor, ""0"", ""armor"", ""left"", ""center"", ""0"", ""0"", ""0"", ""0 0 0"", NULL, ""height"", ""16"", ""width"", ""64"", ""direction"", ""1"", ""color_noarmor"", ""128 128 128 64"", ""color_ga_over"", ""48 160 0 128"", ""color_ga"", ""32 128 0 128"", ""color_ya"", ""192 128 0 128"", ""color_ra"", ""128 0 0 128"", ""color_unnatural"", ""255 255 255 128"", NULL );"
"hud_centerprint.c","228","centerprint","HUD_Register( ""centerprint"", NULL, ""Shows alerts from server, countdowns etc."", HUD_PLUSMINUS | HUD_ON_FINALE, ca_active, 0, SCR_HUD_DrawCenterPrint, ""0"", ""screen"", ""center"", ""center"", ""0"", ""0"", ""0"", ""0 0 0"", NULL, ""scale"", ""1"", ""proportional"", ""0"", ""speed"", ""8"", NULL );"
"hud_clock.c","378","clock","HUD_Register( ""clock"", NULL, ""Shows current local time (hh:mm:ss)."", HUD_PLUSMINUS, ca_disconnected, 8, SCR_HUD_DrawClock, ""0"", ""top"", ""right"", ""console"", ""0"", ""0"", ""0"", ""0 0 0"", NULL, ""big"", ""1"", ""style"", ""0"", ""scale"", ""1"", ""blink"", ""1"", ""format"", ""0"", ""proportional"", ""0"", ""content"", ""0"", NULL );"
"hud_clock.c","393","democlock","HUD_Register( ""democlock"", NULL, ""Shows current demo time (hh:mm:ss)."", HUD_PLUSMINUS, ca_disconnected, 7, SCR_HUD_DrawDemoClock, ""1"", ""top"", ""right"", ""console"", ""0"", ""8"", ""0"", ""0 0 0"", NULL, ""big"", ""0"", ""style"", ""0"", ""scale"", ""1"", ""blink"", ""0"", ""proportional"", ""0"", NULL );"
"hud_clock.c","406","gameclock","HUD_Register( ""gameclock"", NULL, ""Shows current game time (hh:mm:ss)."", HUD_PLUSMINUS, ca_disconnected, 8, SCR_HUD_DrawGameClock, ""1"", ""top"", ""right"", ""console"", ""0"", ""0"", ""0"", ""0 0 0"", NULL, ""big"", ""1"", ""style"", ""0"", ""scale"", ""1"", ""blink"", ""1"", ""countdown"", ""0"", ""offset"", ""0"", ""proportional"", ""0"", NULL );"
"hud_clock.c","421","scoreclock","HUD_Register( ""scoreclock"", NULL, ""Shows current date and time on the scoreboard"", HUD_NO_DRAW | HUD_ON_INTERMISSION | HUD_ON_SCORES | HUD_ON_FINALE, ca_disconnected, 8, SCR_HUD_DrawScoreClock, ""1"", ""screen"", ""center"", ""bottom"", ""0"", ""-10"", ""0"", ""0 0 0"", NULL, ""scale"", ""1"", ""format"", ""%d-%m-%Y %H:%M:%S"", ""proportional"", ""0"", NULL );"
"hud_common.c","936","tracker","HUD_Register( ""tracker"", NULL, ""Shows deaths, frag streaks etc"", 0, ca_active, 0, SCR_HUD_DrawTracker, ""0"", ""screen"", ""left"", ""top"", ""0"", ""48"", ""0"", ""0 0 0"", NULL, ""scale"", ""1"", ""proportional"", ""0"", ""name_width"", ""0"", ""align_right"", ""0"", ""image_scale"", ""1"", NULL );"
"hud_common.c","948","notify","HUD_Register( ""notify"", NULL, ""Shows last console lines"", HUD_PLUSMINUS, ca_disconnected, 8, SCR_HUD_DrawNotify, ""0"", ""top"", ""left"", ""top"", ""0"", ""0"", ""0"", ""0 0 0"", NULL, ""rows"", ""4"", ""cols"", ""30"", ""scale"", ""1"", ""time"", ""4"", ""proportional"", ""0"", NULL );"
"hud_common.c","961","keys","HUD_Register( ""keys"", NULL, ""Shows which keys user does press at the moment"", 0, ca_active, 1, SCR_HUD_DrawKeys, ""0"", ""screen"", ""right"", ""center"", ""0"", ""0"", ""0.5"", ""20 20 20"", NULL, ""scale"", ""2"", ""player"", """", NULL );"
"hud_common.c","970","itemsclock","HUD_Register( ""itemsclock"", NULL, ""Displays upcoming item respawns"", 0, ca_active, 1, SCR_HUD_DrawItemsClock, ""0"", ""screen"", ""right"", ""center"", ""0"", ""0"", ""0"", ""0 0 0"", NULL, ""timelimit"", ""5"", ""style"", ""0"", ""scale"", ""1"", ""filter"", """", ""proportional"", ""0"", ""backpacks"", ""0"", NULL );"
"hud_common.c","983","static_text","HUD_Register( ""static_text"", NULL, ""Static text (demos only)."", 0, ca_active, 0, SCR_HUD_DrawStaticText, ""0"", ""screen"", ""left"", ""top"", ""0"", ""0"", ""0"", ""0 0 0"", NULL, ""big"", ""0"", ""style"", ""0"", ""scale"", ""1"", ""text"", """", ""textalign"", ""left"", ""proportional"", ""0"", NULL );"
"hud_common.c","996","teamstackbar","HUD_Register( ""teamstackbar"", NULL, ""Shows relative stacks of each team."", HUD_PLUSMINUS, ca_active, 0, SCR_Hud_StackBar, ""0"", ""top"", ""left"", ""bottom"", ""0"", ""0"", ""0"", ""0 0 0"", NULL, ""opacity"", ""0.8"", ""width"", ""200"", ""height"", ""8"", ""vertical"", ""0"", ""vertical_text"", ""0"", ""show_text"", ""1"", ""onlytp"", ""0"", ""scale"", ""1"", ""simpleitems"", ""1"", ""proportional"", ""0"", NULL );"
"hud_face.c","85","face","HUD_Register( ""face"", NULL, ""Your bloody face."", HUD_INVENTORY, ca_active, 0, SCR_HUD_DrawFace, ""1"", ""screen"", ""center"", ""bottom"", ""0"", ""0"", ""0"", ""0 0 0"", NULL, ""scale"", ""1"", NULL );"
"hud_frags.c","1535","frags","HUD_Register( ""frags"", NULL, ""Show list of player frags in short form."", 0, ca_active, 0, SCR_HUD_DrawFrags, ""0"", ""top"", ""right"", ""bottom"", ""0"", ""0"", ""0"", ""0 0 0"", NULL, ""cell_width"", ""32"", ""cell_height"", ""8"", ""rows"", ""1"", ""cols"", ""4"", ""space_x"", ""1"", ""space_y"", ""1"", ""teamsort"", ""0"", ""strip"", ""1"", ""vertical"", ""0"", ""hidefrags"", ""0"", ""shownames"", ""0"", ""showteams"", ""0"", ""wipeout"", ""1"", ""padtext"", ""1"", ""showself_always"", ""1"", ""extra_spec_info"", ""ALL"", ""fliptext"", ""0"", ""style"", ""0"", ""bignum"", ""0"", ""colors_alpha"", ""1.0"", ""maxname"", ""16"", ""notintp"", ""0"", ""fixedwidth"", ""0"", ""scale"", ""1"", ""proportional"", ""0"", NULL );"
"hud_frags.c","1567","teamfrags","HUD_Register( ""teamfrags"", NULL, ""Show list of team frags in short form."", 0, ca_active, 0, SCR_HUD_DrawTeamFrags, ""1"", ""ibar"", ""center"", ""before"", ""0"", ""0"", ""0"", ""0 0 0"", NULL, ""cell_width"", ""32"", ""cell_height"", ""8"", ""rows"", ""1"", ""cols"", ""2"", ""space_x"", ""1"", ""space_y"", ""1"", ""strip"", ""1"", ""vertical"", ""0"", ""shownames"", ""0"", ""padtext"", ""1"", ""fliptext"", ""1"", ""style"", ""0"", ""extra_spec_info"", ""1"", ""onlytp"", ""0"", ""bignum"", ""0"", ""colors_alpha"", ""1.0"", ""maxname"", ""16"", ""scale"", ""1"", ""proportional"", ""0"", NULL );"
"hud_gamesummary.c","236","gamesummary","HUD_Register( ""gamesummary"", NULL, ""Shows total pickups & current weapons."", HUD_PLUSMINUS, ca_active, 0, SCR_Hud_GameSummary, ""0"", ""top"", ""left"", ""top"", ""0"", ""0"", ""0"", ""0 0 0"", NULL, ""style"", ""0"", ""onlytp"", ""0"", ""scale"", ""1"", ""format"", ""RYM myr"", ""circles"", ""0"", ""ratio"", ""4"", ""flash"", ""1"", ""proportional"", ""0"", NULL );"
"hud_gamesummary.c","251","scoremapname","HUD_Register( ""scoremapname"", NULL, ""Shows map name on the scoreboard"", HUD_NO_DRAW | HUD_ON_INTERMISSION | HUD_ON_SCORES | HUD_ON_FINALE, ca_disconnected, 8, SCR_HUD_DrawScoreMapName, ""0"", ""screen"", ""right"", ""bottom"", ""0"", ""-10"", ""0"", ""0 0 0"", NULL, ""style"", ""0"", ""proportional"", ""0"", ""scale"", ""1"", NULL );"
"hud_groups.c","206","group1","HUD_Register( ""group1"", NULL, ""Group element."", HUD_NO_GROW, ca_disconnected, 0, SCR_HUD_Groups_Draw, ""0"", ""screen"", ""left"", ""top"", ""0"", ""0"", "".5"", ""0 0 0"", NULL, ""name"", ""group1"", ""width"", ""64"", ""height"", ""64"", ""picture"", """", ""pic_alpha"", ""1.0"", ""pic_scalemode"", ""0"", NULL );"
"hud_groups.c","218","group2","HUD_Register( ""group2"", NULL, ""Group element."", HUD_NO_GROW, ca_disconnected, 0, SCR_HUD_Groups_Draw, ""0"", ""screen"", ""center"", ""top"", ""0"", ""0"", "".5"", ""0 0 0"", NULL, ""name"", ""group2"", ""width"", ""64"", ""height"", ""64"", ""picture"", """", ""pic_alpha"", ""1.0"", ""pic_scalemode"", ""0"", NULL );"
"hud_groups.c","230","group3","HUD_Register( ""group3"", NULL, ""Group element."", HUD_NO_GROW, ca_disconnected, 0, SCR_HUD_Groups_Draw, ""0"", ""screen"", ""right"", ""top"", ""0"", ""0"", "".5"", ""0 0 0"", NULL, ""name"", ""group3"", ""width"", ""64"", ""height"", ""64"", ""picture"", """", ""pic_alpha"", ""1.0"", ""pic_scalemode"", ""0"", NULL );"
"hud_groups.c","242","group4","HUD_Register( ""group4"", NULL, ""Group element."", HUD_NO_GROW, ca_disconnected, 0, SCR_HUD_Groups_Draw, ""0"", ""screen"", ""left"", ""center"", ""0"", ""0"", "".5"", ""0 0 0"", NULL, ""name"", ""group4"", ""width"", ""64"", ""height"", ""64"", ""picture"", """", ""pic_alpha"", ""1.0"", ""pic_scalemode"", ""0"", NULL );"
"hud_groups.c","254","group5","HUD_Register( ""group5"", NULL, ""Group element."", HUD_NO_GROW, ca_disconnected, 0, SCR_HUD_Groups_Draw, ""0"", ""screen"", ""center"", ""center"", ""0"", ""0"", "".5"", ""0 0 0"", NULL, ""name"", ""group5"", ""width"", ""64"", ""height"", ""64"", ""picture"", """", ""pic_alpha"", ""1.0"", ""pic_scalemode"", ""0"", NULL );"
"hud_groups.c","266","group6","HUD_Register( ""group6"", NULL, ""Group element."", HUD_NO_GROW, ca_disconnected, 0, SCR_HUD_Groups_Draw, ""0"", ""screen"", ""right"", ""center"", ""0"", ""0"", "".5"", ""0 0 0"", NULL, ""name"", ""group6"", ""width"", ""64"", ""height"", ""64"", ""picture"", """", ""pic_alpha"", ""1.0"", ""pic_scalemode"", ""0"", NULL );"
"hud_groups.c","278","group7","HUD_Register( ""group7"", NULL, ""Group element."", HUD_NO_GROW, ca_disconnected, 0, SCR_HUD_Groups_Draw, ""0"", ""screen"", ""left"", ""bottom"", ""0"", ""0"", "".5"", ""0 0 0"", NULL, ""name"", ""group7"", ""width"", ""64"", ""height"", ""64"", ""picture"", """", ""pic_alpha"", ""1.0"", ""pic_scalemode"", ""0"", NULL );"
"hud_groups.c","290","group8","HUD_Register( ""group8"", NULL, ""Group element."", HUD_NO_GROW, ca_disconnected, 0, SCR_HUD_Groups_Draw, ""0"", ""screen"", ""center"", ""bottom"", ""0"", ""0"", "".5"", ""0 0 0"", NULL, ""name"", ""group8"", ""width"", ""64"", ""height"", ""64"", ""picture"", """", ""pic_alpha"", ""1.0"", ""pic_scalemode"", ""0"", NULL );"
"hud_groups.c","302","group9","HUD_Register( ""group9"", NULL, ""Group element."", HUD_NO_GROW, ca_disconnected, 0, SCR_HUD_Groups_Draw, ""0"", ""screen"", ""right"", ""bottom"", ""0"", ""0"", "".5"", ""0 0 0"", NULL, ""name"", ""group9"", ""width"", ""64"", ""height"", ""64"", ""picture"", """", ""pic_alpha"", ""1.0"", ""pic_scalemode"", ""0"", NULL );"
"hud_guns.c","358","gun","HUD_Register(""gun"", NULL, ""Part of your inventory - current weapon."", HUD_INVENTORY, ca_active, 0, SCR_HUD_DrawGunCurrent, ""0"", ""ibar"", ""center"", ""bottom"", ""0"", ""0"", ""0"", ""0 0 0"", NULL, ""wide"", ""0"", ""style"", ""0"", ""scale"", ""1"", ""proportional"", ""0"", ""frame_hide"", ""0"", NULL);"
"hud_guns.c","367","gun2","HUD_Register(""gun2"", NULL, ""Part of your inventory - shotgun."", HUD_INVENTORY, ca_active, 0, SCR_HUD_DrawGun2, ""1"", ""ibar"", ""left"", ""bottom"", ""0"", ""0"", ""0"", ""0 0 0"", NULL, ""style"", ""0"", ""scale"", ""1"", ""proportional"", ""0"", ""frame_hide"", ""0"", NULL);"
"hud_guns.c","375","gun3","HUD_Register(""gun3"", NULL, ""Part of your inventory - super shotgun."", HUD_INVENTORY, ca_active, 0, SCR_HUD_DrawGun3, ""1"", ""gun2"", ""after"", ""center"", ""0"", ""0"", ""0"", ""0 0 0"", NULL, ""style"", ""0"", ""scale"", ""1"", ""proportional"", ""0"", ""frame_hide"", ""0"", NULL);"
"hud_guns.c","383","gun4","HUD_Register(""gun4"", NULL, ""Part of your inventory - nailgun."", HUD_INVENTORY, ca_active, 0, SCR_HUD_DrawGun4, ""1"", ""gun3"", ""after"", ""center"", ""0"", ""0"", ""0"", ""0 0 0"", NULL, ""style"", ""0"", ""scale"", ""1"", ""proportional"", ""0"", ""frame_hide"", ""0"", NULL);"
"hud_guns.c","391","gun5","HUD_Register(""gun5"", NULL, ""Part of your inventory - super nailgun."", HUD_INVENTORY, ca_active, 0, SCR_HUD_DrawGun5, ""1"", ""gun4"", ""after"", ""center"", ""0"", ""0"", ""0"", ""0 0 0"", NULL, ""style"", ""0"", ""scale"", ""1"", ""proportional"", ""0"", ""frame_hide"", ""0"", NULL);"
"hud_guns.c","399","gun6","HUD_Register(""gun6"", NULL, ""Part of your inventory - grenade launcher."", HUD_INVENTORY, ca_active, 0, SCR_HUD_DrawGun6, ""1"", ""gun5"", ""after"", ""center"", ""0"", ""0"", ""0"", ""0 0 0"", NULL, ""style"", ""0"", ""scale"", ""1"", ""proportional"", ""0"", ""frame_hide"", ""0"", NULL);"
"hud_guns.c","407","gun7","HUD_Register(""gun7"", NULL, ""Part of your inventory - rocket launcher."", HUD_INVENTORY, ca_active, 0, SCR_HUD_DrawGun7, ""1"", ""gun6"", ""after"", ""center"", ""0"", ""0"", ""0"", ""0 0 0"", NULL, ""style"", ""0"", ""scale"", ""1"", ""proportional"", ""0"", ""frame_hide"", ""0"", NULL);"
"hud_guns.c","415","gun8","HUD_Register(""gun8"", NULL, ""Part of your inventory - thunderbolt."", HUD_INVENTORY, ca_active, 0, SCR_HUD_DrawGun8, ""1"", ""gun7"", ""after"", ""center"", ""0"", ""0"", ""0"", ""0 0 0"", NULL, ""wide"", ""0"", ""style"", ""0"", ""scale"", ""1"", ""proportional"", ""0"", ""frame_hide"", ""0"", NULL);"
"hud_health.c","119","bar_health","HUD_Register( ""bar_health"", NULL, ""Health bar."", HUD_PLUSMINUS, ca_active, 0, SCR_HUD_DrawBarHealth, ""0"", ""health"", ""right"", ""center"", ""0"", ""0"", ""0"", ""0 0 0"", NULL, ""height"", ""16"", ""width"", ""64"", ""direction"", ""0"", ""color_nohealth"", ""128 128 128 64"", ""color_normal"", ""32 64 128 128"", ""color_mega"", ""64 96 128 128"", ""color_twomega"", ""128 128 255 128"", ""color_unnatural"", ""255 255 255 128"", NULL );"
"hud_health.c","135","health","HUD_Register( ""health"", NULL, ""Part of your status - health level."", HUD_INVENTORY, ca_active, 0, SCR_HUD_DrawHealth, ""1"", ""face"", ""after"", ""center"", ""0"", ""0"", ""0"", ""0 0 0"", NULL, ""style"", ""0"", ""scale"", ""1"", ""align"", ""right"", ""digits"", ""3"", ""proportional"", ""0"", NULL );"
"hud_health.c","148","healthdamage","HUD_Register( ""healthdamage"", NULL, ""Shows amount of damage done to your health."", HUD_INVENTORY, ca_active, 0, SCR_HUD_DrawHealthDamage, ""0"", ""health"", ""left"", ""before"", ""0"", ""0"", ""0"", ""0 0 0"", NULL, ""style"", ""0"", ""scale"", ""1"", ""align"", ""right"", ""digits"", ""3"", ""duration"", ""0.8"", ""proportional"", ""0"", NULL );"
"hud_items.c","244","key1","HUD_Register( ""key1"", NULL, ""Part of your inventory - silver key."", HUD_INVENTORY, ca_active, 0, SCR_HUD_DrawKey1, ""1"", ""ibar"", ""top"", ""left"", ""0"", ""64"", ""0"", ""0 0 0"", NULL, ""style"", ""0"", ""scale"", ""1"", ""proportional"", ""0"", NULL );"
"hud_items.c","253","key2","HUD_Register( ""key2"", NULL, ""Part of your inventory - gold key."", HUD_INVENTORY, ca_active, 0, SCR_HUD_DrawKey2, ""1"", ""key1"", ""left"", ""after"", ""0"", ""0"", ""0"", ""0 0 0"", NULL, ""style"", ""0"", ""scale"", ""1"", ""proportional"", ""0"", NULL );"
"hud_items.c","262","ring","HUD_Register( ""ring"", NULL, ""Part of your inventory - invisibility."", HUD_INVENTORY, ca_active, 0, SCR_HUD_DrawRing, ""1"", ""key2"", ""left"", ""after"", ""0"", ""0"", ""0"", ""0 0 0"", NULL, ""style"", ""0"", ""scale"", ""1"", ""proportional"", ""0"", NULL );"
"hud_items.c","271","pent","HUD_Register( ""pent"", NULL, ""Part of your inventory - invulnerability."", HUD_INVENTORY, ca_active, 0, SCR_HUD_DrawPent, ""1"", ""ring"", ""left"", ""after"", ""0"", ""0"", ""0"", ""0 0 0"", NULL, ""style"", ""0"", ""scale"", ""1"", ""proportional"", ""0"", NULL );"
"hud_items.c","280","suit","HUD_Register( ""suit"", NULL, ""Part of your inventory - biosuit."", HUD_INVENTORY, ca_active, 0, SCR_HUD_DrawSuit, ""1"", ""pent"", ""left"", ""after"", ""0"", ""0"", ""0"", ""0 0 0"", NULL, ""style"", ""0"", ""scale"", ""1"", ""proportional"", ""0"", NULL );"
"hud_items.c","289","quad","HUD_Register( ""quad"", NULL, ""Part of your inventory - quad damage."", HUD_INVENTORY, ca_active, 0, SCR_HUD_DrawQuad, ""1"", ""suit"", ""left"", ""after"", ""0"", ""0"", ""0"", ""0 0 0"", NULL, ""style"", ""0"", ""scale"", ""1"", ""proportional"", ""0"", NULL );"
"hud_items.c","299","sigil1","HUD_Register( ""sigil1"", NULL, ""Part of your inventory - sigil 1."", HUD_INVENTORY, ca_active, 0, SCR_HUD_DrawSigil1, ""0"", ""ibar"", ""left"", ""top"", ""0"", ""0"", ""0"", ""0 0 0"", NULL, ""style"", ""0"", ""scale"", ""1"", ""proportional"", ""0"", NULL );"
"hud_items.c","308","sigil2","HUD_Register( ""sigil2"", NULL, ""Part of your inventory - sigil 2."", HUD_INVENTORY, ca_active, 0, SCR_HUD_DrawSigil2, ""0"", ""sigil1"", ""after"", ""top"", ""0"", ""0"", ""0"", ""0 0 0"", NULL, ""style"", ""0"", ""scale"", ""1"", ""proportional"", ""0"", NULL );"
"hud_items.c","317","sigil3","HUD_Register( ""sigil3"", NULL, ""Part of your inventory - sigil 3."", HUD_INVENTORY, ca_active, 0, SCR_HUD_DrawSigil3, ""0"", ""sigil2"", ""after"", ""top"", ""0"", ""0"", ""0"", ""0 0 0"", NULL, ""style"", ""0"", ""scale"", ""1"", ""proportional"", ""0"", NULL );"
"hud_items.c","326","sigil4","HUD_Register( ""sigil4"", NULL, ""Part of your inventory - sigil 4."", HUD_INVENTORY, ca_active, 0, SCR_HUD_DrawSigil4, ""0"", ""sigil3"", ""after"", ""top"", ""0"", ""0"", ""0"", ""0 0 0"", NULL, ""style"", ""0"", ""scale"", ""1"", ""proportional"", ""0"", NULL );"
"hud_net.c","346","net","HUD_Register( ""net"", NULL, ""Shows network statistics, like latency, packet loss, average packet sizes and bandwidth. Shown only when you are connected to a server."", HUD_PLUSMINUS, ca_active, 7, SCR_HUD_DrawNetStats, ""0"", ""top"", ""left"", ""center"", ""0"", ""0"", ""0.2"", ""0 0 0"", NULL, ""period"", ""1"", ""scale"", ""1"", ""proportional"", ""0"", NULL );"
"hud_net.c","357","netproblem","HUD_Register( ""netproblem"", NULL, ""Shows an icon if you are experiencing network problems"", HUD_NO_FRAME, ca_active, 0, SCR_HUD_NetProblem, ""1"", ""top"", ""left"", ""top"", ""0"", ""0"", ""0"", ""0 0 0"", NULL, ""scale"", ""1"", NULL );"
"hud_net.c","366","ping","HUD_Register( ""ping"", NULL, ""Shows most important net conditions, like ping and pl. Shown only when you are connected to a server."", HUD_PLUSMINUS, ca_active, 9, SCR_HUD_DrawPing, ""0"", ""screen"", ""left"", ""bottom"", ""0"", ""0"", ""0"", ""0 0 0"", NULL, ""period"", ""1"", ""show_pl"", ""1"", ""show_min"", ""0"", ""show_max"", ""0"", ""show_dev"", ""0"", ""style"", ""0"", ""blink"", ""1"", ""scale"", ""1"", ""proportional"", ""0"", NULL );"
"hud_performance.c","303","fps","HUD_Register( ""fps"", NULL, ""Shows your current framerate in frames per second (fps)."" ""This can also show the minimum framerate that occured in the last measured period."", HUD_PLUSMINUS, ca_active, 9, SCR_HUD_DrawFPS, ""1"", ""gameclock"", ""center"", ""after"", ""0"", ""0"", ""0"", ""0 0 0"", NULL, ""show_min"", ""0"", ""style"", ""0"", ""title"", ""1"", ""scale"", ""1"", ""drop"", ""70"", ""proportional"", ""0"", NULL );"
"hud_performance.c","319","frametime","HUD_Register( ""frametime"", NULL, ""Shows your current frametime in ms."" ""This can also show the maximum frametime that occured in the last measured period."", HUD_PLUSMINUS, ca_active, 9, SCR_HUD_DrawFrameTime, ""0"", ""fps"", ""center"", ""after"", ""0"", ""0"", ""0"", ""0 0 0"", NULL, ""show_max"", ""1"", ""style"", ""0"", ""title"", ""1"", ""scale"", ""1"", ""spike"", ""10"", ""proportional"", ""0"", NULL );"
"hud_performance.c","334","vidlag","HUD_Register( ""vidlag"", NULL, ""Shows the delay between the time a frame is rendered and the time it's displayed."", HUD_PLUSMINUS, ca_active, 9, SCR_HUD_DrawVidLag, ""0"", ""top"", ""right"", ""top"", ""0"", ""0"", ""0"", ""0 0 0"", NULL, ""style"", ""0"", ""scale"", ""1"", ""proportional"", ""0"", NULL );"
"hud_performance.c","345","framestats","HUD_Register( ""framestats"", NULL, ""Shows information about the renderer's status & workload."", HUD_PLUSMINUS, ca_active, 0, FrameStats_DrawElement, ""0"", ""top"", ""left"", ""bottom"", ""0"", ""0"", ""0"", ""0 0 0"", NULL, ""scale"", ""1"", ""proportional"", ""0"", ""amfstats"", ""0"", NULL );"
"hud_qtv.c","87","qtv_buffer","HUD_Register( ""qtv_buffer"", NULL, ""QTV buffering status."", 0, ca_active, 0, SCR_HUD_DrawQTVBuffer, ""0"", ""screen"", ""left"", ""top"", ""0"", ""0"", ""0"", ""0 0 0"", NULL, ""scale"", ""1"", ""proportional"", ""0"", NULL );"
"hud_radar.c","1422","radar","HUD_Register(""radar"", NULL, ""Plots the players on a picture of the map. (Only when watching MVD's or QTV)."", HUD_PLUSMINUS, ca_active, 0, SCR_HUD_DrawRadar, ""0"", ""top"", ""left"", ""bottom"", ""0"", ""0"", ""0"", ""0 0 0"", NULL, ""opacity"", ""0.5"", ""width"", ""30%"", ""height"", ""25%"", ""autosize"", ""0"", ""show_powerups"", ""1"", ""show_names"", ""0"", ""highlight_color"", ""yellow"", ""highlight"", ""0"", ""player_size"", ""10"", ""show_height"", ""1"", ""show_stats"", ""1"", ""fade_players"", ""1"", ""show_hold"", ""0"", ""weaponfilter"", ""gl rl lg"", ""itemfilter"", ""backpack quad pent armor mega"", ""otherfilter"", ""projectiles gibs explosions shotgun"", ""onlytp"", ""0"", ""scale"", ""1"", ""simpleitems"", ""1"", ""colornames"", ""0"", ""proportional"", ""0"", NULL);"
"hud_scores.c","786","score_team","HUD_Register( ""score_team"", NULL, ""Own scores or team scores."", 0, ca_active, 0, SCR_HUD_DrawScoresTeam, ""0"", ""screen"", ""left"", ""bottom"", ""0"", ""0"", ""0.5"", ""4 8 32"", NULL, ""style"", ""0"", ""scale"", ""1"", ""align"", ""right"", ""digits"", ""0"", ""colorize"", ""0"", ""proportional"", ""0"", NULL );"
"hud_scores.c","799","score_enemy","HUD_Register( ""score_enemy"", NULL, ""Scores of enemy or enemy team."", 0, ca_active, 0, SCR_HUD_DrawScoresEnemy, ""0"", ""score_team"", ""after"", ""bottom"", ""0"", ""0"", ""0.5"", ""32 4 0"", NULL, ""style"", ""0"", ""scale"", ""1"", ""align"", ""right"", ""digits"", ""0"", ""colorize"", ""0"", ""proportional"", ""0"", NULL );"
"hud_scores.c","812","score_difference","HUD_Register( ""score_difference"", NULL, ""Difference between teamscores and enemyscores."", 0, ca_active, 0, SCR_HUD_DrawScoresDifference, ""0"", ""score_enemy"", ""after"", ""bottom"", ""0"", ""0"", ""0.5"", ""0 0 0"", NULL, ""style"", ""0"", ""scale"", ""1"", ""align"", ""right"", ""digits"", ""0"", ""colorize"", ""1"", ""proportional"", ""0"", NULL );"
"hud_scores.c","825","score_position","HUD_Register(""score_position"", NULL, ""Position on scoreboard."", 0, ca_active, 0, SCR_HUD_DrawScoresPosition, ""0"", ""score_difference"", ""after"", ""bottom"", ""0"", ""0"", ""0.5"", ""0 0 0"", NULL, ""style"", ""0"", ""scale"", ""1"", ""align"", ""right"", ""digits"", ""0"", ""colorize"", ""1"", ""proportional"", ""0"", NULL );"
"hud_scores.c","837","score_bar","HUD_Register( ""score_bar"", NULL, ""Team, enemy, and difference scores together."", HUD_PLUSMINUS, ca_active, 0, SCR_HUD_DrawScoresBar, ""0"", ""screen"", ""center"", ""console"", ""0"", ""0"", ""0.5"", ""0 0 0"", NULL, ""style"", ""0"", ""scale"", ""1"", ""format_small"", ""&c69f%T&r:%t &cf10%E&r:%e $[%D$]"", ""format_big"", ""%t:%e:%Z"", ""format_reversed_big"", """", ""format_reversed_small"", """", ""frag_length"", ""0"", ""proportional"", ""0"", NULL );"
"hud_scores.c","852","ownfrags","HUD_Register( ""ownfrags"" /* jeez someone give me a better name please */, NULL, ""Highlights your own frags"", 0, ca_active, 1, SCR_HUD_DrawOwnFrags, ""1"", ""screen"", ""center"", ""top"", ""0"", ""50"", ""0.2"", ""0 0 100"", NULL, /* ""color"", ""255 255 255"", */ ""timeout"", ""3"", ""scale"", ""1.5"", ""proportional"", ""0"", NULL );"
"hud_speed.c","679","speed","HUD_Register(""speed"", NULL, ""Shows your current running speed. It is measured over XY or XYZ axis depending on \'xyz\' property."", HUD_PLUSMINUS, ca_active, 7, SCR_HUD_DrawSpeed, ""0"", ""top"", ""center"", ""bottom"", ""0"", ""-5"", ""0"", ""0 0 0"", NULL, ""xyz"", ""0"", ""width"", ""160"", ""height"", ""15"", ""opacity"", ""1.0"", ""tick_spacing"", ""0.2"", ""color_stopped"", SPEED_STOPPED, ""color_normal"", SPEED_NORMAL, ""color_fast"", SPEED_FAST, ""color_fastest"", SPEED_FASTEST, ""color_insane"", SPEED_INSANE, ""vertical"", ""0"", ""vertical_text"", ""1"", ""text_align"", ""1"", ""style"", ""0"", ""scale"", ""1"", ""proportional"", ""0"", NULL );"
"hud_speed.c","702","speed2","HUD_Register(""speed2"", NULL, ""Shows your current running speed. It is measured over XY or XYZ axis depending on \'xyz\' property."", HUD_PLUSMINUS, ca_active, 7, SCR_HUD_DrawSpeed2, ""0"", ""top"", ""center"", ""bottom"", ""0"", ""0"", ""0"", ""0 0 0"", NULL, ""xyz"", ""0"", ""opacity"", ""1.0"", ""color_stopped"", SPEED_STOPPED, ""color_normal"", SPEED_NORMAL, ""color_fast"", SPEED_FAST, ""color_fastest"", SPEED_FASTEST, ""color_insane"", SPEED_INSANE, ""radius"", ""50.0"", ""wrapspeed"", ""500"", ""orientation"", ""0"", ""scale"", ""1"", ""proportional"", ""0"", NULL );"
"hud_teaminfo.c","908","teaminfo","HUD_Register( ""teaminfo"", NULL, ""Show information about your team in short form."", 0, ca_active, 0, SCR_HUD_DrawTeamInfo, ""0"", """", ""right"", ""center"", ""0"", ""0"", ""0.2"", ""20 20 20"", NULL, ""layout"", ""%p%n $x10%l$x11 %a/%H %w"", ""align_right"", ""0"", ""loc_width"", ""5"", ""name_width"", ""6"", ""low_health"", ""25"", ""armor_style"", ""3"", ""weapon_style"", ""0"", ""show_ammo"", ""0"", ""show_countdown"", ""1"", ""show_enemies"", ""0"", ""show_self"", ""1"", ""show_headers"", ""1"", ""scale"", ""1"", ""powerup_style"", ""1"", ""flag_style"", ""1"", ""proportional"", ""0"", ""header_spacing"", ""1"", NULL );"
"hud_tracking.c","67","tracking","HUD_Register( ""tracking"", NULL, ""Shows the name of tracked player."", HUD_PLUSMINUS, ca_active, 9, SCR_HUD_DrawTracking, ""1"", ""face"", ""center"", ""before"", ""0"", ""0"", ""0"", ""0 0 0"", NULL, ""format"", ""\xD4\xF2\xE1\xE3\xEB\xE9\xEE\xE7\xBA %t %n, \xCA\xD5\xCD\xD0 for next"", //""Tracking: team name, JUMP for next"", ""Tracking:"" and ""JUMP"" are brown. default: ""Tracking %t %n, [JUMP] for next"" ""scale"", ""1"", ""proportional"", ""0"", NULL );"
"hud_weapon_stats.c","226","weaponstats","HUD_Register( ""weaponstats"", NULL, ""Weapon stats"", 0, ca_active, 0, SCR_HUD_WeaponStats, ""0"", ""screen"", ""center"", ""bottom"", ""0"", ""0"", ""0"", ""0 0 0"", NULL, ""format"", ""&c990sg&r:%2 &c099ssg&r:%3 &c900rl&r:#7 &c009lg&r:%8"", ""textalign"", ""center"", ""scale"", ""1"", ""proportional"", ""0"", NULL );"
"r_rmain.c","769","netgraph","hud_netgraph = HUD_Register( ""netgraph"", /*""r_netgraph""*/ NULL, ""Shows your network conditions in graph-form. With netgraph you can monitor your latency (ping), packet loss and network errors."", HUD_PLUSMINUS | HUD_ON_SCORES, ca_onserver, 0, SCR_HUD_Netgraph, ""0"", ""top"", ""left"", ""bottom"", ""0"", ""0"", ""0"", ""0 0 0"", NULL, ""swap_x"", ""0"", ""swap_y"", ""0"", ""inframes"", ""0"", ""scale"", ""256"", ""ploss"", ""1"", ""width"", ""256"", ""height"", ""32"", ""lostscale"", ""1"", ""alpha"", ""1"", NULL );"
"stats_grid.c","1375","teamholdinfo","teamholdinfo = HUD_Register( ""teamholdinfo"", NULL, ""Shows which important items in the level that are being held by the teams."", HUD_PLUSMINUS, ca_active, 0, SCR_HUD_DrawTeamHoldInfo, ""0"", ""top"", ""left"", ""bottom"", ""0"", ""0"", ""0"", ""0 0 0"", NULL, ""opacity"", ""0.8"", ""width"", ""200"", ""height"", ""8"", ""onlytp"", ""0"", ""style"", ""1"", ""itemfilter"", ""quad ra ya ga mega pent rl quad"", ""scale"", ""1"", ""proportional"", ""0"", NULL );"
"stats_grid.c","1390","teamholdbar","teamholdbar = HUD_Register( ""teamholdbar"", NULL, ""Shows how much of the level (in percent) that is currently being held by either team."", HUD_PLUSMINUS, ca_active, 0, SCR_HUD_DrawTeamHoldBar, ""0"", ""top"", ""left"", ""bottom"", ""0"", ""0"", ""0"", ""0 0 0"", NULL, ""opacity"", ""0.8"", ""width"", ""200"", ""height"", ""8"", ""vertical"", ""0"", ""vertical_text"", ""0"", ""show_text"", ""1"", ""onlytp"", ""0"", ""scale"", ""1"", ""proportional"", ""0"", NULL );"
